{ "timestamp":"2018-11-06T15:32:27Z", "event":"Market", "MarketID":3222938624, "StationName":"Dominique Holdings", "StarSystem":"Brib", "Items":[ 
{ "id":128049152, "Name":"$platinum_name;", "Name_Localised":"Platinum", "Category":"$MARKET_category_metals;", "Category_Localised":"Metals", "BuyPrice":0, "SellPrice":42734, "MeanPrice":19756, "StockBracket":0, "DemandBracket":3, "Stock":0, "Demand":440, "Consumer":true, "Producer":false, "Rare":false }, 
{ "id":128049153, "Name":"$palladium_name;", "Name_Localised":"Palladium", "Category":"$MARKET_category_metals;", "Category_Localised":"Metals", "BuyPrice":0, "SellPrice":14067, "MeanPrice":13244, "StockBracket":0, "DemandBracket":2, "Stock":0, "Demand":502, "Consumer":true, "Producer":false, "Rare":false }, 
{ "id":128049154, "Name":"$gold_name;", "Name_Localised":"Gold", "Category":"$MARKET_category_metals;", "Category_Localised":"Metals", "BuyPrice":0, "SellPrice":10912, "MeanPrice":9373, "StockBracket":0, "DemandBracket":2, "Stock":0, "Demand":664, "Consumer":true, "Producer":false, "Rare":false }, 
{ "id":128049155, "Name":"$silver_name;", "Name_Localised":"Silver", "Category":"$MARKET_category_metals;", "Category_Localised":"Metals", "BuyPrice":0, "SellPrice":5569, "MeanPrice":4759, "StockBracket":0, "DemandBracket":2, "Stock":0, "Demand":1170, "Consumer":true, "Producer":false, "Rare":false }, 
{ "id":128049166, "Name":"$water_name;", "Name_Localised":"Water", "Category":"$MARKET_category_chemicals;", "Category_Localised":"Chemicals", "BuyPrice":0, "SellPrice":615, "MeanPrice":155, "StockBracket":0, "DemandBracket":2, "Stock":0, "Demand":2672, "Consumer":true, "Producer":false, "Rare":false }, 
{ "id":128049178, "Name":"$fruitandvegetables_name;", "Name_Localised":"Fruit and Vegetables", "Category":"$MARKET_category_foods;", "Category_Localised":"Foods", "BuyPrice":0, "SellPrice":812, "MeanPrice":348, "StockBracket":0, "DemandBracket":2, "Stock":0, "Demand":6463, "Consumer":true, "Producer":false, "Rare":false }, 
{ "id":128049180, "Name":"$grain_name;", "Name_Localised":"Grain", "Category":"$MARKET_category_foods;", "Category_Localised":"Foods", "BuyPrice":0, "SellPrice":690, "MeanPrice":244, "StockBracket":0, "DemandBracket":2, "Stock":0, "Demand":24378, "Consumer":true, "Producer":false, "Rare":false }, 
{ "id":128049182, "Name":"$animalmeat_name;", "Name_Localised":"Animal Meat", "Category":"$MARKET_category_foods;", "Category_Localised":"Foods", "BuyPrice":0, "SellPrice":1774, "MeanPrice":1336, "StockBracket":0, "DemandBracket":2, "Stock":0, "Demand":270, "Consumer":true, "Producer":false, "Rare":false }, 
{ "id":128049183, "Name":"$fish_name;", "Name_Localised":"Fish", "Category":"$MARKET_category_foods;", "Category_Localised":"Foods", "BuyPrice":0, "SellPrice":913, "MeanPrice":437, "StockBracket":0, "DemandBracket":2, "Stock":0, "Demand":916, "Consumer":true, "Producer":false, "Rare":false }, 
{ "id":128049184, "Name":"$foodcartridges_name;", "Name_Localised":"Food Cartridges", "Category":"$MARKET_category_foods;", "Category_Localised":"Foods", "BuyPrice":0, "SellPrice":711, "MeanPrice":154, "StockBracket":0, "DemandBracket":3, "Stock":0, "Demand":5324, "Consumer":true, "Producer":false, "Rare":false }, 
{ "id":128049185, "Name":"$syntheticmeat_name;", "Name_Localised":"Synthetic Meat", "Category":"$MARKET_category_foods;", "Category_Localised":"Foods", "BuyPrice":0, "SellPrice":827, "MeanPrice":285, "StockBracket":0, "DemandBracket":3, "Stock":0, "Demand":5476, "Consumer":true, "Producer":false, "Rare":false }, 
{ "id":128049188, "Name":"$tea_name;", "Name_Localised":"Tea", "Category":"$MARKET_category_foods;", "Category_Localised":"Foods", "BuyPrice":0, "SellPrice":2088, "MeanPrice":1515, "StockBracket":0, "DemandBracket":2, "Stock":0, "Demand":1281, "Consumer":true, "Producer":false, "Rare":false }, 
{ "id":128049189, "Name":"$coffee_name;", "Name_Localised":"Coffee", "Category":"$MARKET_category_foods;", "Category_Localised":"Foods", "BuyPrice":0, "SellPrice":1899, "MeanPrice":1327, "StockBracket":0, "DemandBracket":2, "Stock":0, "Demand":888, "Consumer":true, "Producer":false, "Rare":false }, 
{ "id":128049193, "Name":"$syntheticfabrics_name;", "Name_Localised":"Synthetic Fabrics", "Category":"$MARKET_category_textiles;", "Category_Localised":"Textiles", "BuyPrice":0, "SellPrice":1455, "MeanPrice":214, "StockBracket":0, "DemandBracket":3, "Stock":0, "Demand":485687, "Consumer":true, "Producer":false, "Rare":false }, 
{ "id":128049197, "Name":"$polymers_name;", "Name_Localised":"Polymers", "Category":"$MARKET_category_industrial_materials;", "Category_Localised":"Industrial materials", "BuyPrice":0, "SellPrice":1253, "MeanPrice":181, "StockBracket":0, "DemandBracket":3, "Stock":0, "Demand":695264, "Consumer":true, "Producer":false, "Rare":false }, 
{ "id":128049199, "Name":"$semiconductors_name;", "Name_Localised":"Semiconductors", "Category":"$MARKET_category_industrial_materials;", "Category_Localised":"Industrial materials", "BuyPrice":0, "SellPrice":1732, "MeanPrice":936, "StockBracket":0, "DemandBracket":3, "Stock":0, "Demand":637794, "Consumer":true, "Producer":false, "Rare":false }, 
{ "id":128049200, "Name":"$superconductors_name;", "Name_Localised":"Superconductors", "Category":"$MARKET_category_industrial_materials;", "Category_Localised":"Industrial materials", "BuyPrice":0, "SellPrice":7778, "MeanPrice":6662, "StockBracket":0, "DemandBracket":3, "Stock":0, "Demand":126524, "Consumer":true, "Producer":false, "Rare":false }, 
{ "id":128049202, "Name":"$hydrogenfuel_name;", "Name_Localised":"Hydrogen Fuel", "Category":"$MARKET_category_chemicals;", "Category_Localised":"Chemicals", "BuyPrice":126, "SellPrice":120, "MeanPrice":122, "StockBracket":1, "DemandBracket":0, "Stock":9224, "Demand":1, "Consumer":false, "Producer":true, "Rare":false }, 
{ "id":128049210, "Name":"$basicmedicines_name;", "Name_Localised":"Basic Medicines", "Category":"$MARKET_category_medicines;", "Category_Localised":"Medicines", "BuyPrice":0, "SellPrice":900, "MeanPrice":323, "StockBracket":0, "DemandBracket":3, "Stock":0, "Demand":4771, "Consumer":true, "Producer":false, "Rare":false }, 
{ "id":128049213, "Name":"$tobacco_name;", "Name_Localised":"Tobacco", "Category":"$MARKET_category_drugs;", "Category_Localised":"Legal drugs", "BuyPrice":0, "SellPrice":5723, "MeanPrice":5056, "StockBracket":0, "DemandBracket":3, "Stock":0, "Demand":3183, "Consumer":true, "Producer":false, "Rare":false }, 
{ "id":128049214, "Name":"$beer_name;", "Name_Localised":"Beer", "Category":"$MARKET_category_drugs;", "Category_Localised":"Legal drugs", "BuyPrice":0, "SellPrice":657, "MeanPrice":215, "StockBracket":0, "DemandBracket":2, "Stock":0, "Demand":13069, "Consumer":true, "Producer":false, "Rare":false }, 
{ "id":128049215, "Name":"$wine_name;", "Name_Localised":"Wine", "Category":"$MARKET_category_drugs;", "Category_Localised":"Legal drugs", "BuyPrice":0, "SellPrice":740, "MeanPrice":286, "StockBracket":0, "DemandBracket":2, "Stock":0, "Demand":4402, "Consumer":true, "Producer":false, "Rare":false }, 
{ "id":128049216, "Name":"$liquor_name;", "Name_Localised":"Liquor", "Category":"$MARKET_category_drugs;", "Category_Localised":"Legal drugs", "BuyPrice":0, "SellPrice":1258, "MeanPrice":632, "StockBracket":0, "DemandBracket":3, "Stock":0, "Demand":3567, "Consumer":true, "Producer":false, "Rare":false }, 
{ "id":128049217, "Name":"$powergenerators_name;", "Name_Localised":"Power Generators", "Category":"$MARKET_category_machinery;", "Category_Localised":"Machinery", "BuyPrice":0, "SellPrice":1376, "MeanPrice":536, "StockBracket":0, "DemandBracket":3, "Stock":0, "Demand":101370, "Consumer":true, "Producer":false, "Rare":false }, 
{ "id":128049218, "Name":"$waterpurifiers_name;", "Name_Localised":"Water Purifiers", "Category":"$MARKET_category_machinery;", "Category_Localised":"Machinery", "BuyPrice":0, "SellPrice":1315, "MeanPrice":310, "StockBracket":0, "DemandBracket":3, "Stock":0, "Demand":178486, "Consumer":true, "Producer":false, "Rare":false }, 
{ "id":128049230, "Name":"$aquaponicsystems_name;", "Name_Localised":"Aquaponic Systems", "Category":"$MARKET_category_technology;", "Category_Localised":"Technology", "BuyPrice":0, "SellPrice":854, "MeanPrice":306, "StockBracket":0, "DemandBracket":3, "Stock":0, "Demand":134052, "Consumer":true, "Producer":false, "Rare":false }, 
{ "id":128049232, "Name":"$terrainenrichmentsystems_name;", "Name_Localised":"Land Enrichment Systems", "Category":"$MARKET_category_technology;", "Category_Localised":"Technology", "BuyPrice":0, "SellPrice":5723, "MeanPrice":4840, "StockBracket":0, "DemandBracket":3, "Stock":0, "Demand":57169, "Consumer":true, "Producer":false, "Rare":false }, 
{ "id":128049235, "Name":"$reactivearmour_name;", "Name_Localised":"Reactive Armour", "Category":"$MARKET_category_weapons;", "Category_Localised":"Weapons", "BuyPrice":0, "SellPrice":2806, "MeanPrice":2090, "StockBracket":0, "DemandBracket":3, "Stock":0, "Demand":1816, "Consumer":true, "Producer":false, "Rare":false }, 
{ "id":128049236, "Name":"$nonlethalweapons_name;", "Name_Localised":"Non-Lethal Weapons", "Category":"$MARKET_category_weapons;", "Category_Localised":"Weapons", "BuyPrice":0, "SellPrice":2540, "MeanPrice":1826, "StockBracket":0, "DemandBracket":3, "Stock":0, "Demand":1545, "Consumer":true, "Producer":false, "Rare":false }, 
{ "id":128049238, "Name":"$domesticappliances_name;", "Name_Localised":"Domestic Appliances", "Category":"$MARKET_category_consumer_items;", "Category_Localised":"Consumer items", "BuyPrice":0, "SellPrice":1146, "MeanPrice":530, "StockBracket":0, "DemandBracket":3, "Stock":0, "Demand":7447, "Consumer":true, "Producer":false, "Rare":false }, 
{ "id":128049240, "Name":"$consumertechnology_name;", "Name_Localised":"Consumer Technology", "Category":"$MARKET_category_consumer_items;", "Category_Localised":"Consumer items", "BuyPrice":0, "SellPrice":7701, "MeanPrice":6700, "StockBracket":0, "DemandBracket":3, "Stock":0, "Demand":1680, "Consumer":true, "Producer":false, "Rare":false }, 
{ "id":128049241, "Name":"$clothing_name;", "Name_Localised":"Clothing", "Category":"$MARKET_category_consumer_items;", "Category_Localised":"Consumer items", "BuyPrice":0, "SellPrice":900, "MeanPrice":324, "StockBracket":0, "DemandBracket":3, "Stock":0, "Demand":19170, "Consumer":true, "Producer":false, "Rare":false }, 
{ "id":128049244, "Name":"$biowaste_name;", "Name_Localised":"Biowaste", "Category":"$MARKET_category_waste;", "Category_Localised":"Waste", "BuyPrice":115, "SellPrice":69, "MeanPrice":63, "StockBracket":2, "DemandBracket":0, "Stock":144, "Demand":1, "Consumer":false, "Producer":true, "Rare":false }, 
{ "id":128064028, "Name":"$atmosphericextractors_name;", "Name_Localised":"Atmospheric Processors", "Category":"$MARKET_category_machinery;", "Category_Localised":"Machinery", "BuyPrice":0, "SellPrice":1003, "MeanPrice":403, "StockBracket":0, "DemandBracket":3, "Stock":0, "Demand":29630, "Consumer":true, "Producer":false, "Rare":false }, 
{ "id":128666757, "Name":"$usscargorareartwork_name;", "Name_Localised":"Rare Artwork", "Category":"$MARKET_category_salvage;", "Category_Localised":"Salvage", "BuyPrice":0, "SellPrice":5152, "MeanPrice":7774, "StockBracket":0, "DemandBracket":3, "Stock":0, "Demand":275, "Consumer":true, "Producer":false, "Rare":false }, 
{ "id":128667728, "Name":"$imperialslaves_name;", "Name_Localised":"Imperial Slaves", "Category":"$MARKET_category_slaves;", "Category_Localised":"Slavery", "BuyPrice":0, "SellPrice":18107, "MeanPrice":16142, "StockBracket":0, "DemandBracket":2, "Stock":0, "Demand":2548, "Consumer":true, "Producer":false, "Rare":false }, 
{ "id":128671118, "Name":"$osmium_name;", "Name_Localised":"Osmium", "Category":"$MARKET_category_metals;", "Category_Localised":"Metals", "BuyPrice":0, "SellPrice":10454, "MeanPrice":9136, "StockBracket":0, "DemandBracket":3, "Stock":0, "Demand":877, "Consumer":true, "Producer":false, "Rare":false }, 
{ "id":128672124, "Name":"$encripteddatastorage_name;", "Name_Localised":"Encrypted Data Storage", "Category":"$MARKET_category_salvage;", "Category_Localised":"Salvage", "BuyPrice":0, "SellPrice":1186, "MeanPrice":806, "StockBracket":0, "DemandBracket":3, "Stock":0, "Demand":275, "Consumer":true, "Producer":false, "Rare":false }, 
{ "id":128672127, "Name":"$comercialsamples_name;", "Name_Localised":"Commercial Samples", "Category":"$MARKET_category_salvage;", "Category_Localised":"Salvage", "BuyPrice":0, "SellPrice":662, "MeanPrice":361, "StockBracket":0, "DemandBracket":3, "Stock":0, "Demand":275, "Consumer":true, "Producer":false, "Rare":false }, 
{ "id":128672128, "Name":"$tacticaldata_name;", "Name_Localised":"Tactical Data", "Category":"$MARKET_category_salvage;", "Category_Localised":"Salvage", "BuyPrice":0, "SellPrice":754, "MeanPrice":457, "StockBracket":0, "DemandBracket":3, "Stock":0, "Demand":275, "Consumer":true, "Producer":false, "Rare":false }, 
{ "id":128672129, "Name":"$assaultplans_name;", "Name_Localised":"Assault Plans", "Category":"$MARKET_category_salvage;", "Category_Localised":"Salvage", "BuyPrice":0, "SellPrice":738, "MeanPrice":446, "StockBracket":0, "DemandBracket":3, "Stock":0, "Demand":275, "Consumer":true, "Producer":false, "Rare":false }, 
{ "id":128672130, "Name":"$encryptedcorrespondence_name;", "Name_Localised":"Encrypted Correspondence", "Category":"$MARKET_category_salvage;", "Category_Localised":"Salvage", "BuyPrice":0, "SellPrice":673, "MeanPrice":372, "StockBracket":0, "DemandBracket":3, "Stock":0, "Demand":275, "Consumer":true, "Producer":false, "Rare":false }, 
{ "id":128672131, "Name":"$diplomaticbag_name;", "Name_Localised":"Diplomatic Bag", "Category":"$MARKET_category_salvage;", "Category_Localised":"Salvage", "BuyPrice":0, "SellPrice":904, "MeanPrice":572, "StockBracket":0, "DemandBracket":3, "Stock":0, "Demand":275, "Consumer":true, "Producer":false, "Rare":false }, 
{ "id":128672132, "Name":"$scientificresearch_name;", "Name_Localised":"Scientific Research", "Category":"$MARKET_category_salvage;", "Category_Localised":"Salvage", "BuyPrice":0, "SellPrice":2974, "MeanPrice":635, "StockBracket":0, "DemandBracket":3, "Stock":0, "Demand":275, "Consumer":true, "Producer":false, "Rare":false }, 
{ "id":128672133, "Name":"$scientificsamples_name;", "Name_Localised":"Scientific Samples", "Category":"$MARKET_category_salvage;", "Category_Localised":"Salvage", "BuyPrice":0, "SellPrice":3422, "MeanPrice":772, "StockBracket":0, "DemandBracket":3, "Stock":0, "Demand":275, "Consumer":true, "Producer":false, "Rare":false }, 
{ "id":128672136, "Name":"$largeexplorationdatacash_name;", "Name_Localised":"Large Survey Data Cache", "Category":"$MARKET_category_salvage;", "Category_Localised":"Salvage", "BuyPrice":0, "SellPrice":257690, "MeanPrice":157420, "StockBracket":0, "DemandBracket":3, "Stock":0, "Demand":589, "Consumer":true, "Producer":false, "Rare":false }, 
{ "id":128672137, "Name":"$smallexplorationdatacash_name;", "Name_Localised":"Small Survey Data Cache", "Category":"$MARKET_category_salvage;", "Category_Localised":"Salvage", "BuyPrice":0, "SellPrice":22244, "MeanPrice":7332, "StockBracket":0, "DemandBracket":3, "Stock":0, "Demand":589, "Consumer":true, "Producer":false, "Rare":false }, 
{ "id":128672159, "Name":"$antiquejewellery_name;", "Name_Localised":"Antique Jewellery ", "Category":"$MARKET_category_salvage;", "Category_Localised":"Salvage", "BuyPrice":0, "SellPrice":159270, "MeanPrice":136032, "StockBracket":0, "DemandBracket":3, "Stock":0, "Demand":275, "Consumer":true, "Producer":false, "Rare":false }, 
{ "id":128672160, "Name":"$preciousgems_name;", "Name_Localised":"Precious Gems", "Category":"$MARKET_category_salvage;", "Category_Localised":"Salvage", "BuyPrice":0, "SellPrice":139331, "MeanPrice":109641, "StockBracket":0, "DemandBracket":3, "Stock":0, "Demand":275, "Consumer":true, "Producer":false, "Rare":false }, 
{ "id":128672161, "Name":"$earthrelics_name;", "Name_Localised":"Earth Relics ", "Category":"$MARKET_category_salvage;", "Category_Localised":"Salvage", "BuyPrice":0, "SellPrice":11499, "MeanPrice":10550, "StockBracket":0, "DemandBracket":3, "Stock":0, "Demand":275, "Consumer":true, "Producer":false, "Rare":false }, 
{ "id":128672162, "Name":"$genebank_name;", "Name_Localised":"Gene Bank", "Category":"$MARKET_category_salvage;", "Category_Localised":"Salvage", "BuyPrice":0, "SellPrice":13189, "MeanPrice":11912, "StockBracket":0, "DemandBracket":3, "Stock":0, "Demand":275, "Consumer":true, "Producer":false, "Rare":false }, 
{ "id":128672163, "Name":"$timecapsule_name;", "Name_Localised":"Time Capsule", "Category":"$MARKET_category_salvage;", "Category_Localised":"Salvage", "BuyPrice":0, "SellPrice":4855, "MeanPrice":4055, "StockBracket":0, "DemandBracket":3, "Stock":0, "Demand":275, "Consumer":true, "Producer":false, "Rare":false }, 
{ "id":128672315, "Name":"$geologicalsamples_name;", "Name_Localised":"Geological Samples", "Category":"$MARKET_category_salvage;", "Category_Localised":"Salvage", "BuyPrice":0, "SellPrice":2211, "MeanPrice":446, "StockBracket":0, "DemandBracket":3, "Stock":0, "Demand":275, "Consumer":true, "Producer":false, "Rare":false }, 
{ "id":128672810, "Name":"$unstabledatacore_name;", "Name_Localised":"Unstable Data Core", "Category":"$MARKET_category_salvage;", "Category_Localised":"Salvage", "BuyPrice":0, "SellPrice":3067, "MeanPrice":2427, "StockBracket":0, "DemandBracket":3, "Stock":0, "Demand":275, "Consumer":true, "Producer":false, "Rare":false }, 
{ "id":128673848, "Name":"$lowtemperaturediamond_name;", "Name_Localised":"Low Temperature Diamonds", "Category":"$MARKET_category_minerals;", "Category_Localised":"Minerals", "BuyPrice":0, "SellPrice":93358, "MeanPrice":57443, "StockBracket":0, "DemandBracket":3, "Stock":0, "Demand":221, "Consumer":true, "Producer":false, "Rare":false }, 
{ "id":128682046, "Name":"$advancedmedicines_name;", "Name_Localised":"Advanced Medicines", "Category":"$MARKET_category_medicines;", "Category_Localised":"Medicines", "BuyPrice":0, "SellPrice":1839, "MeanPrice":1233, "StockBracket":0, "DemandBracket":3, "Stock":0, "Demand":5861, "Consumer":true, "Producer":false, "Rare":false }, 
{ "id":128682049, "Name":"$datacore_name;", "Name_Localised":"Data Core", "Category":"$MARKET_category_salvage;", "Category_Localised":"Salvage", "BuyPrice":0, "SellPrice":3630, "MeanPrice":2872, "StockBracket":0, "DemandBracket":3, "Stock":0, "Demand":275, "Consumer":true, "Producer":false, "Rare":false }, 
{ "id":128682051, "Name":"$mysteriousidol_name;", "Name_Localised":"Mysterious Idol", "Category":"$MARKET_category_salvage;", "Category_Localised":"Salvage", "BuyPrice":0, "SellPrice":16879, "MeanPrice":15196, "StockBracket":0, "DemandBracket":3, "Stock":0, "Demand":275, "Consumer":true, "Producer":false, "Rare":false }, 
{ "id":128682054, "Name":"$spacepioneerrelics_name;", "Name_Localised":"Space Pioneer Relics", "Category":"$MARKET_category_salvage;", "Category_Localised":"Salvage", "BuyPrice":0, "SellPrice":8396, "MeanPrice":7342, "StockBracket":0, "DemandBracket":3, "Stock":0, "Demand":275, "Consumer":true, "Producer":false, "Rare":false }, 
{ "id":128682055, "Name":"$fossilremnants_name;", "Name_Localised":"Fossil Remnants", "Category":"$MARKET_category_salvage;", "Category_Localised":"Salvage", "BuyPrice":0, "SellPrice":10792, "MeanPrice":9927, "StockBracket":0, "DemandBracket":3, "Stock":0, "Demand":275, "Consumer":true, "Producer":false, "Rare":false }, 
{ "id":128732183, "Name":"$ancientrelic_name;", "Name_Localised":"Ancient Relic", "Category":"$MARKET_category_salvage;", "Category_Localised":"Salvage", "BuyPrice":0, "SellPrice":13058, "MeanPrice":11520, "StockBracket":0, "DemandBracket":3, "Stock":0, "Demand":118, "Consumer":true, "Producer":false, "Rare":false }, 
{ "id":128732184, "Name":"$ancientorb_name;", "Name_Localised":"Ancient Orb", "Category":"$MARKET_category_salvage;", "Category_Localised":"Salvage", "BuyPrice":0, "SellPrice":8936, "MeanPrice":7351, "StockBracket":0, "DemandBracket":3, "Stock":0, "Demand":118, "Consumer":true, "Producer":false, "Rare":false }, 
{ "id":128732185, "Name":"$ancientcasket_name;", "Name_Localised":"Ancient Casket", "Category":"$MARKET_category_salvage;", "Category_Localised":"Salvage", "BuyPrice":0, "SellPrice":7891, "MeanPrice":6473, "StockBracket":0, "DemandBracket":3, "Stock":0, "Demand":118, "Consumer":true, "Producer":false, "Rare":false }, 
{ "id":128732186, "Name":"$ancienttablet_name;", "Name_Localised":"Ancient Tablet", "Category":"$MARKET_category_salvage;", "Category_Localised":"Salvage", "BuyPrice":0, "SellPrice":8936, "MeanPrice":7351, "StockBracket":0, "DemandBracket":3, "Stock":0, "Demand":118, "Consumer":true, "Producer":false, "Rare":false }, 
{ "id":128732187, "Name":"$ancienturn_name;", "Name_Localised":"Ancient Urn", "Category":"$MARKET_category_salvage;", "Category_Localised":"Salvage", "BuyPrice":0, "SellPrice":6172, "MeanPrice":4723, "StockBracket":0, "DemandBracket":3, "Stock":0, "Demand":118, "Consumer":true, "Producer":false, "Rare":false }, 
{ "id":128732188, "Name":"$ancienttotem_name;", "Name_Localised":"Ancient Totem", "Category":"$MARKET_category_salvage;", "Category_Localised":"Salvage", "BuyPrice":0, "SellPrice":10792, "MeanPrice":9496, "StockBracket":0, "DemandBracket":3, "Stock":0, "Demand":118, "Consumer":true, "Producer":false, "Rare":false }, 
{ "id":128888499, "Name":"$ancientkey_name;", "Name_Localised":"Ancient Key", "Category":"$MARKET_category_salvage;", "Category_Localised":"Salvage", "BuyPrice":0, "SellPrice":13058, "MeanPrice":12797, "StockBracket":0, "DemandBracket":3, "Stock":0, "Demand":118, "Consumer":true, "Producer":false, "Rare":false }
 ] }
