{ "timestamp":"2018-11-25T22:55:47Z", "event":"ModuleInfo", "Modules":[ 
{ "Slot":"MainEngines", "Item":"int_engine_size5_class5", "Power":6.120000, "Priority":0 }, 
{ "Slot":"Slot07_Size5", "Item":"int_repairer_size5_class5", "Power":2.730000, "Priority":1 }, 
{ "Slot":"Slot05_Size5", "Item":"int_guardianfsdbooster_size5", "Power":2.140000, "Priority":0 }, 
{ "Slot":"Slot06_Size5", "Item":"int_shieldgenerator_size5_class2", "Power":1.356992, "Priority":0 }, 
{ "Slot":"Slot08_Size4", "Item":"int_buggybay_size4_class2", "Power":1.200000, "Priority":3 }, 
{ "Slot":"MediumHardpoint1", "Item":"hpt_pulselaserburst_fixed_medium", "Power":1.050000, "Priority":2 }, 
{ "Slot":"MediumHardpoint2", "Item":"hpt_pulselaserburst_fixed_medium", "Power":1.050000, "Priority":2 }, 
{ "Slot":"FrameShiftDrive", "Item":"int_hyperdrive_size6_class5", "Power":0.862500, "Priority":3 }, 
{ "Slot":"LifeSupport", "Item":"int_lifesupport_size5_class5", "Power":0.850000, "Priority":0 }, 
{ "Slot":"Slot01_Size7", "Item":"int_fuelscoop_size7_class3", "Power":0.690000, "Priority":4 }, 
{ "Slot":"CargoHatch", "Item":"modularcargobaydoor", "Power":0.600000, "Priority":3 }, 
{ "Slot":"Radar", "Item":"int_sensors_size8_class1", "Power":0.550000, "Priority":0 }, 
{ "Slot":"PowerDistributor", "Item":"int_powerdistributor_size3_class2", "Power":0.450000, "Priority":0 }, 
{ "Slot":"Slot04_Size6", "Item":"int_dronecontrol_unkvesselresearch", "Power":0.400000, "Priority":0 }, 
{ "Slot":"TinyHardpoint1", "Item":"hpt_xenoscanner_basic_tiny", "Power":0.200000, "Priority":1 }, 
{ "Slot":"TinyHardpoint2", "Item":"hpt_cargoscanner_size0_class1", "Power":0.200000, "Priority":0 }, 
{ "Slot":"TinyHardpoint3", "Item":"hpt_cloudscanner_size0_class1", "Power":0.200000, "Priority":1 }, 
{ "Slot":"TinyHardpoint4", "Item":"hpt_heatsinklauncher_turret_tiny", "Power":0.200000, "Priority":0 }, 
{ "Slot":"TinyHardpoint5", "Item":"hpt_heatsinklauncher_turret_tiny", "Power":0.200000, "Priority":0 }, 
{ "Slot":"TinyHardpoint6", "Item":"hpt_heatsinklauncher_turret_tiny", "Power":0.200000, "Priority":0 }, 
{ "Slot":"TinyHardpoint7", "Item":"hpt_heatsinklauncher_turret_tiny", "Power":0.200000, "Priority":0 }, 
{ "Slot":"TinyHardpoint8", "Item":"hpt_heatsinklauncher_turret_tiny", "Power":0.200000, "Priority":0 }, 
{ "Slot":"ShipCockpit", "Item":"anaconda_cockpit", "Power":0.000000 }, 
{ "Slot":"PowerPlant", "Item":"int_guardianpowerplant_size5", "Power":0.000000 }, 
{ "Slot":"Slot02_Size6", "Item":"int_cargorack_size6_class1", "Power":0.000000 }, 
{ "Slot":"Slot09_Size4", "Item":"int_corrosionproofcargorack_size4_class1", "Power":0.000000 }, 
{ "Slot":"Slot10_Size4", "Item":"int_detailedsurfacescanner_tiny", "Power":0.000000 }, 
{ "Slot":"Slot13_Size2", "Item":"int_stellarbodydiscoveryscanner_advanced", "Power":0.000000 }, 
{ "Slot":"DataLinkScanner", "Item":"hpt_shipdatalinkscanner", "Power":0.000000, "Priority":0 }
 ] }
