{ "timestamp":"2018-11-25T22:54:01Z", "event":"Outfitting", "MarketID":128676999, "StationName":"Trader's Rest", "StarSystem":"Laksak", "Horizons":true, "Items":[ 
{ "id":128064262, "Name":"int_shieldgenerator_size1_class5", "BuyPrice":85927 }, 
{ "id":128064265, "Name":"int_shieldgenerator_size2_class3", "BuyPrice":17358 }, 
{ "id":128064267, "Name":"int_shieldgenerator_size2_class5", "BuyPrice":156219 }, 
{ "id":128064270, "Name":"int_shieldgenerator_size3_class3", "BuyPrice":55025 }, 
{ "id":128064272, "Name":"int_shieldgenerator_size3_class5", "BuyPrice":495215 }, 
{ "id":128064275, "Name":"int_shieldgenerator_size4_class3", "BuyPrice":174426 }, 
{ "id":128064276, "Name":"int_shieldgenerator_size4_class4", "BuyPrice":523276 }, 
{ "id":128064280, "Name":"int_shieldgenerator_size5_class3", "BuyPrice":552929 }, 
{ "id":128064281, "Name":"int_shieldgenerator_size5_class4", "BuyPrice":1658786 }, 
{ "id":128064284, "Name":"int_shieldgenerator_size6_class2", "BuyPrice":584261 }, 
{ "id":128064286, "Name":"int_shieldgenerator_size6_class4", "BuyPrice":5258348 }, 
{ "id":128064289, "Name":"int_shieldgenerator_size7_class2", "BuyPrice":1852108 }, 
{ "id":128064291, "Name":"int_shieldgenerator_size7_class4", "BuyPrice":16668962 }, 
{ "id":128064294, "Name":"int_shieldgenerator_size8_class2", "BuyPrice":5871179 }, 
{ "id":128064295, "Name":"int_shieldgenerator_size8_class3", "BuyPrice":17613536 }, 
{ "id":128668533, "Name":"hpt_shieldbooster_size0_class2", "BuyPrice":22425 }, 
{ "id":128668535, "Name":"hpt_shieldbooster_size0_class4", "BuyPrice":118950 }
 ] }
