{ "timestamp":"2018-11-25T21:04:14Z", "event":"Shipyard", "MarketID":128666762, "StationName":"Jameson Memorial", "StarSystem":"Shinrarta Dezhra", "Horizons":true, "AllowCobraMkIV":false, "PriceList":[ 
{ "id":128049249, "ShipType":"sidewinder", "ShipPrice":28080 }, 
{ "id":128049255, "ShipType":"eagle", "ShipPrice":39312 }, 
{ "id":128049261, "ShipType":"hauler", "ShipPrice":46262 }, 
{ "id":128049267, "ShipType":"adder", "ShipPrice":77053 }, 
{ "id":128672138, "ShipType":"empire_eagle", "ShipType_Localised":"Imperial Eagle", "ShipPrice":97250 }, 
{ "id":128049273, "ShipType":"viper", "ShipType_Localised":"Viper MkIII", "ShipPrice":125423 }, 
{ "id":128049279, "ShipType":"cobramkiii", "ShipType_Localised":"Cobra MkIII", "ShipPrice":306879 }, 
{ "id":128672255, "ShipType":"viper_mkiv", "ShipType_Localised":"Viper MkIV", "ShipPrice":384285 }, 
{ "id":128671217, "ShipType":"diamondback", "ShipType_Localised":"Diamondback Scout", "ShipPrice":495200 }, 
{ "id":128049285, "ShipType":"type6", "ShipType_Localised":"Type-6 Transporter", "ShipPrice":917818 }, 
{ "id":128049291, "ShipType":"dolphin", "ShipPrice":1173502 }, 
{ "id":128671831, "ShipType":"diamondbackxl", "ShipType_Localised":"Diamondback Explorer", "ShipPrice":1662652 }, 
{ "id":128671223, "ShipType":"empire_courier", "ShipType_Localised":"Imperial Courier", "ShipPrice":2288638 }, 
{ "id":128672269, "ShipType":"independant_trader", "ShipType_Localised":"Keelback", "ShipPrice":2743201 }, 
{ "id":128672276, "ShipType":"asp_scout", "ShipType_Localised":"Asp Scout", "ShipPrice":3475914 }, 
{ "id":128049309, "ShipType":"vulture", "ShipPrice":4322228 }, 
{ "id":128049303, "ShipType":"asp", "ShipType_Localised":"Asp Explorer", "ShipPrice":5845164 }, 
{ "id":128049321, "ShipType":"federation_dropship", "ShipType_Localised":"Federal Dropship", "ShipPrice":12560716 }, 
{ "id":128049297, "ShipType":"type7", "ShipType_Localised":"Type-7 Transporter", "ShipPrice":15331902 }, 
{ "id":128816574, "ShipType":"typex", "ShipType_Localised":"Alliance Chieftain", "ShipPrice":17007927 }, 
{ "id":128672145, "ShipType":"federation_dropship_mkii", "ShipType_Localised":"Federal Assault Ship", "ShipPrice":17386966 }, 
{ "id":128816581, "ShipType":"typex_2", "ShipType_Localised":"Alliance Crusader", "ShipPrice":20065215 }, 
{ "id":128049315, "ShipType":"empire_trader", "ShipType_Localised":"Imperial Clipper", "ShipPrice":20066274 }, 
{ "id":128816588, "ShipType":"typex_3", "ShipType_Localised":"Alliance Challenger", "ShipPrice":26739402 }, 
{ "id":128672152, "ShipType":"federation_gunship", "ShipType_Localised":"Federal Gunship", "ShipPrice":31426966 }, 
{ "id":128816567, "ShipType":"krait_mkii", "ShipType_Localised":"Krait MkII", "ShipPrice":40201966 }, 
{ "id":128049327, "ShipType":"orca", "ShipPrice":42593752 }, 
{ "id":128049351, "ShipType":"ferdelance", "ShipType_Localised":"Fer-de-Lance", "ShipPrice":45250078 }, 
{ "id":128049339, "ShipType":"python", "ShipPrice":49998353 }, 
{ "id":128049333, "ShipType":"type9", "ShipType_Localised":"Type-9 Heavy", "ShipPrice":67177752 }, 
{ "id":128049345, "ShipType":"belugaliner", "ShipType_Localised":"Beluga Liner", "ShipPrice":74177501 }, 
{ "id":128785619, "ShipType":"type9_military", "ShipType_Localised":"Type-10 Defender", "ShipPrice":109472813 }, 
{ "id":128049363, "ShipType":"anaconda", "ShipPrice":128965694 }, 
{ "id":128049369, "ShipType":"federation_corvette", "ShipType_Localised":"Federal Corvette", "ShipPrice":164943194 }, 
{ "id":128049375, "ShipType":"cutter", "ShipType_Localised":"Imperial Cutter", "ShipPrice":188072506 }
 ] }
